placeID;Days1;Days2;Days3;Days4;Days5
135111;Mon;Tue;Wed;Thu;Fri
135111;Sat;;;;
135111;Sun;;;;
135110;Mon;Tue;Wed;Thu;Fri
135110;Sat;;;;
135110;Sun;;;;
135109;Mon;Tue;Wed;Thu;Fri
135109;Sat;;;;
135109;Sun;;;;
135108;Mon;Tue;Wed;Thu;Fri
135108;Sat;;;;
135108;Sun;;;;
135107;Mon;Tue;Wed;Thu;Fri
135107;Sat;;;;
135107;Sun;;;;
135106;Mon;Tue;Wed;Thu;Fri
135106;Sat;;;;
135106;Sun;;;;
135105;Mon;Tue;Wed;Thu;Fri
135105;Sat;;;;
135105;Sun;;;;
135104;Mon;Tue;Wed;Thu;Fri
135104;Sat;;;;
135104;Sun;;;;
135103;Mon;Tue;Wed;Thu;Fri
135103;Sat;;;;
135103;Sun;;;;
135102;Mon;Tue;Wed;Thu;Fri
135102;Sat;;;;
135102;Sun;;;;
135101;Mon;Tue;Wed;Thu;Fri
135101;Sat;;;;
135101;Sun;;;;
135100;Mon;Tue;Wed;Thu;Fri
135100;Sat;;;;
135100;Sun;;;;
135099;Mon;Tue;Wed;Thu;Fri
135099;Sat;;;;
135099;Sun;;;;
135098;Mon;Tue;Wed;Thu;Fri
135098;Sat;;;;
135098;Sun;;;;
135097;Mon;Tue;Wed;Thu;Fri
135097;Sat;;;;
135097;Sun;;;;
135094;Mon;Tue;Wed;Thu;Fri
135094;Sat;;;;
135094;Sun;;;;
135093;Mon;Tue;Wed;Thu;Fri
135093;Sat;;;;
135093;Sun;;;;
135092;Mon;Tue;Wed;Thu;Fri
135092;Sat;;;;
135092;Sun;;;;
135091;Mon;Tue;Wed;Thu;Fri
135091;Sat;;;;
135091;Sun;;;;
135090;Mon;Tue;Wed;Thu;Fri
135090;Sat;;;;
135090;Sun;;;;
135089;Mon;Tue;Wed;Thu;Fri
135089;Sat;;;;
135089;Sun;;;;
135088;Mon;Tue;Wed;Thu;Fri
135088;Sat;;;;
135088;Sun;;;;
135086;Mon;Tue;Wed;Thu;Fri
135086;Sat;;;;
135086;Sun;;;;
135085;Mon;Tue;Wed;Thu;Fri
135085;Sat;;;;
135085;Sun;;;;
135084;Mon;Tue;Wed;Thu;Fri
135084;Sat;;;;
135084;Sun;;;;
135082;Mon;Tue;Wed;Thu;Fri
135082;Sat;;;;
135082;Sun;;;;
135081;Mon;Tue;Wed;Thu;Fri
135081;Sat;;;;
135081;Sun;;;;
135080;Mon;Tue;Wed;Thu;Fri
135080;Sat;;;;
135080;Sun;;;;
135079;Mon;Tue;Wed;Thu;Fri
135079;Sat;;;;
135079;Sun;;;;
135078;Mon;Tue;Wed;Thu;Fri
135078;Sat;;;;
135078;Sun;;;;
135077;Mon;Tue;Wed;Thu;Fri
135077;Sat;;;;
135077;Sun;;;;
135076;Mon;Tue;Wed;Thu;Fri
135076;Sat;;;;
135076;Sun;;;;
135075;Mon;Tue;Wed;Thu;Fri
135075;Sat;;;;
135075;Sun;;;;
135074;Mon;Tue;Wed;Thu;Fri
135074;Sat;;;;
135074;Sun;;;;
135073;Mon;Tue;Wed;Thu;Fri
135073;Sat;;;;
135073;Sun;;;;
135072;Mon;Tue;Wed;Thu;Fri
135072;Sat;;;;
135072;Sun;;;;
135071;Mon;Tue;Wed;Thu;Fri
135071;Sat;;;;
135071;Sun;;;;
135070;Mon;Tue;Wed;Thu;Fri
135070;Sat;;;;
135070;Sun;;;;
135069;Mon;Tue;Wed;Thu;Fri
135069;Sat;;;;
135069;Sun;;;;
135068;Mon;Tue;Wed;Thu;Fri
135068;Sat;;;;
135068;Sun;;;;
135067;Mon;Tue;Wed;Thu;Fri
135067;Sat;;;;
135067;Sun;;;;
135066;Sat;;;;
135066;Mon;Tue;Wed;Thu;Fri
135066;Sun;;;;
135065;Mon;Tue;Wed;Thu;Fri
135065;Sat;;;;
135065;Sun;;;;
135064;Mon;Tue;Wed;Thu;Fri
135064;Sat;;;;
135064;Sun;;;;
135063;Mon;Tue;Wed;Thu;Fri
135063;Sat;;;;
135063;Sun;;;;
135062;Mon;Tue;Wed;Thu;Fri
135062;Sat;;;;
135062;Sun;;;;
135061;Mon;Tue;Wed;Thu;Fri
135061;Sat;;;;
135061;Sun;;;;
135060;Mon;Tue;Wed;Thu;Fri
135060;Sat;;;;
135060;Sun;;;;
135059;Mon;Tue;Wed;Thu;Fri
135059;Sat;;;;
135059;Sun;;;;
135058;Mon;Tue;Wed;Thu;Fri
135058;Sat;;;;
135058;Sun;;;;
135057;Mon;Tue;Wed;Thu;Fri
135057;Sat;;;;
135057;Sun;;;;
135056;Mon;Tue;Wed;Thu;Fri
135056;Sat;;;;
135056;Sun;;;;
135055;Mon;Tue;Wed;Thu;Fri
135055;Sat;;;;
135055;Sun;;;;
135054;Mon;Tue;Wed;Thu;Fri
135054;Sat;;;;
135054;Sun;;;;
135053;Mon;Tue;Wed;Thu;Fri
135053;Sat;;;;
135053;Sun;;;;
135052;Mon;Tue;Wed;Thu;Fri
135052;Sat;;;;
135052;Sun;;;;
135051;Mon;Tue;Wed;Thu;Fri
135051;Sat;;;;
135051;Sun;;;;
135050;Mon;Tue;Wed;Thu;Fri
135050;Sat;;;;
135050;Sun;;;;
135049;Mon;Tue;Wed;Thu;Fri
135049;Sat;;;;
135049;Sun;;;;
135048;Mon;Tue;Wed;Thu;Fri
135048;Sat;;;;
135048;Sun;;;;
135047;Mon;Tue;Wed;Thu;Fri
135047;Sat;;;;
135047;Sun;;;;
135046;Mon;Tue;Wed;Thu;Fri
135046;Sat;;;;
135046;Sun;;;;
135045;Mon;Tue;Wed;Thu;Fri
135045;Sat;;;;
135045;Sun;;;;
135044;Mon;Tue;Wed;Thu;Fri
135044;Sat;;;;
135044;Sun;;;;
135043;Mon;Tue;Wed;Thu;Fri
135043;Sat;;;;
135043;Sun;;;;
135042;Mon;Tue;Wed;Thu;Fri
135042;Sat;;;;
135042;Sun;;;;
135041;Mon;Tue;Wed;Thu;Fri
135041;Sat;;;;
135041;Sun;;;;
135040;Mon;Tue;Wed;Thu;Fri
135040;Sat;;;;
135040;Sun;;;;
135039;Mon;Tue;Wed;Thu;Fri
135039;Sat;;;;
135039;Sun;;;;
135038;Mon;Tue;Wed;Thu;Fri
135038;Sat;;;;
135038;Sun;;;;
135037;Mon;Tue;Wed;Thu;Fri
135037;Sat;;;;
135037;Sun;;;;
135036;Mon;Tue;Wed;Thu;Fri
135036;Sat;;;;
135036;Sun;;;;
135035;Mon;Tue;Wed;Thu;Fri
135035;Sat;;;;
135035;Sun;;;;
135034;Mon;Tue;Wed;Thu;Fri
135034;Sat;;;;
135034;Sun;;;;
135033;Mon;Tue;Wed;Thu;Fri
135033;Sat;;;;
135033;Sun;;;;
135032;Mon;Tue;Wed;Thu;Fri
135032;Sat;;;;
135032;Sun;;;;
135031;Mon;Tue;Wed;Thu;Fri
135031;Sat;;;;
135031;Sun;;;;
135030;Mon;Tue;Wed;Thu;Fri
135030;Sat;;;;
135030;Sun;;;;
135029;Mon;Tue;Wed;Thu;Fri
135029;Sat;;;;
135029;Sun;;;;
135028;Mon;Tue;Wed;Thu;Fri
135028;Sat;;;;
135028;Sun;;;;
135027;Mon;Tue;Wed;Thu;Fri
135027;Sat;;;;
135027;Sun;;;;
135026;Mon;Tue;Wed;Thu;Fri
135026;Sat;;;;
135026;Sun;;;;
135025;Mon;Tue;Wed;Thu;Fri
135025;Sat;;;;
135025;Sun;;;;
135024;Mon;Tue;Wed;Thu;Fri
135024;Sat;;;;
135024;Sun;;;;
135023;Mon;Tue;Wed;Thu;Fri
135023;Sat;;;;
135023;Sun;;;;
135022;Mon;Tue;Wed;Thu;Fri
135022;Sat;;;;
135022;Sun;;;;
135021;Mon;Tue;Wed;Thu;Fri
135021;Sat;;;;
135021;Sun;;;;
135020;Mon;Tue;Wed;Thu;Fri
135020;Sat;;;;
135020;Sun;;;;
135019;Mon;Tue;Wed;Thu;Fri
135019;Sat;;;;
135019;Sun;;;;
135018;Mon;Tue;Wed;Thu;Fri
135018;Sat;;;;
135018;Sun;;;;
135017;Mon;Tue;Wed;Thu;Fri
135017;Sat;;;;
135017;Sun;;;;
135016;Mon;Tue;Wed;Thu;Fri
135016;Sat;;;;
135016;Sun;;;;
135015;Mon;Tue;Wed;Thu;Fri
135015;Sat;;;;
135015;Sun;;;;
135014;Mon;Tue;Wed;Thu;Fri
135014;Sat;;;;
135014;Sun;;;;
135013;Mon;Tue;Wed;Thu;Fri
135013;Sat;;;;
135013;Sun;;;;
135012;Mon;Tue;Wed;Thu;Fri
135012;Sat;;;;
135012;Sun;;;;
135011;Mon;Tue;Wed;Thu;Fri
135011;Sat;;;;
135011;Sun;;;;
135010;Mon;Tue;Wed;Thu;Fri
135010;Sat;;;;
135010;Sun;;;;
135009;Mon;Tue;Wed;Thu;Fri
135009;Sat;;;;
135009;Sun;;;;
135008;Mon;Tue;Wed;Thu;Fri
135008;Sat;;;;
135008;Sun;;;;
135007;Mon;Tue;Wed;Thu;Fri
135007;Sat;;;;
135007;Sun;;;;
135006;Mon;Tue;Wed;Thu;Fri
135006;Sat;;;;
135006;Sun;;;;
135005;Mon;Tue;Wed;Thu;Fri
135005;Sat;;;;
135005;Sun;;;;
135004;Mon;Tue;Wed;Thu;Fri
135004;Sat;;;;
135004;Sun;;;;
135003;Mon;Tue;Wed;Thu;Fri
135003;Sat;;;;
135003;Sun;;;;
135002;Mon;Tue;Wed;Thu;Fri
135002;Sat;;;;
135002;Sun;;;;
135001;Mon;Tue;Wed;Thu;Fri
135001;Sat;;;;
135001;Sun;;;;
135000;Mon;Tue;Wed;Thu;Fri
135000;Sat;;;;
135000;Sun;;;;
134999;Mon;Tue;Wed;Thu;Fri
134999;Sat;;;;
134999;Sun;;;;
134998;Mon;Tue;Wed;Thu;Fri
134998;Sat;;;;
134998;Sun;;;;
134997;Mon;Tue;Wed;Thu;Fri
134997;Sat;;;;
134997;Sun;;;;
134996;Mon;Tue;Wed;Thu;Fri
134996;Sat;;;;
134996;Sun;;;;
134995;Mon;Tue;Wed;Thu;Fri
134995;Sat;;;;
134995;Sun;;;;
134994;Mon;Tue;Wed;Thu;Fri
134994;Sat;;;;
134994;Sun;;;;
134993;Mon;Tue;Wed;Thu;Fri
134993;Sat;;;;
134993;Sun;;;;
134992;Mon;Tue;Wed;Thu;Fri
134992;Sat;;;;
134992;Sun;;;;
134991;Mon;Tue;Wed;Thu;Fri
134991;Sat;;;;
134991;Sun;;;;
134990;Mon;Tue;Wed;Thu;Fri
134990;Sat;;;;
134990;Sun;;;;
134989;Mon;Tue;Wed;Thu;Fri
134989;Sat;;;;
134989;Sun;;;;
134988;Mon;Tue;Wed;Thu;Fri
134988;Sat;;;;
134988;Sun;;;;
134987;Mon;Tue;Wed;Thu;Fri
134987;Sat;;;;
134987;Sun;;;;
134986;Mon;Tue;Wed;Thu;Fri
134986;Sat;;;;
134986;Sun;;;;
134985;Mon;Tue;Wed;Thu;Fri
134985;Sat;;;;
134985;Sun;;;;
134984;Mon;Tue;Wed;Thu;Fri
134984;Sat;;;;
134984;Sun;;;;
134983;Mon;Tue;Wed;Thu;Fri
134983;Sat;;;;
134983;Sun;;;;
134982;Mon;Tue;Wed;Thu;Fri
134982;Sat;;;;
134982;Sun;;;;
134981;Mon;Tue;Wed;Thu;Fri
134981;Sat;;;;
134981;Sun;;;;
134980;Mon;Tue;Wed;Thu;Fri
134980;Sat;;;;
134980;Sun;;;;
134979;Mon;Tue;Wed;Thu;Fri
134979;Sat;;;;
134979;Sun;;;;
134978;Mon;Tue;Wed;Thu;Fri
134978;Sat;;;;
134978;Sun;;;;
134977;Mon;Tue;Wed;Thu;Fri
134977;Sat;;;;
134977;Sun;;;;
134975;Mon;Tue;Wed;Thu;Fri
134975;Sat;;;;
134975;Sun;;;;
134974;Mon;Tue;Wed;Thu;Fri
134974;Sat;;;;
134974;Sun;;;;
134973;Mon;Tue;Wed;Thu;Fri
134973;Sat;;;;
134973;Sun;;;;
134972;Mon;Tue;Wed;Thu;Fri
134972;Sat;;;;
134972;Sun;;;;
134971;Mon;Tue;Wed;Thu;Fri
134971;Sat;;;;
134971;Sun;;;;
134970;Mon;Tue;Wed;Thu;Fri
134970;Sat;;;;
134970;Sun;;;;
133049;Mon;Tue;Wed;Thu;Fri
133049;Sat;;;;
133049;Sun;;;;
133048;Mon;Tue;Wed;Thu;Fri
133048;Sat;;;;
133048;Sun;;;;
133047;Mon;Tue;Wed;Thu;Fri
133047;Sat;;;;
133047;Sun;;;;
133043;Mon;Tue;Wed;Thu;Fri
133043;Sat;;;;
133043;Sun;;;;
133042;Mon;Tue;Wed;Thu;Fri
133042;Sat;;;;
133042;Sun;;;;
133041;Mon;Tue;Wed;Thu;Fri
133041;Sat;;;;
133041;Sun;;;;
133040;Mon;Tue;Wed;Thu;Fri
133040;Sat;;;;
133040;Sun;;;;
133039;Mon;Tue;Wed;Thu;Fri
133039;Sat;;;;
133039;Sun;;;;
133038;Mon;Tue;Wed;Thu;Fri
133038;Sat;;;;
133038;Sun;;;;
133037;Mon;Tue;Wed;Thu;Fri
133037;Sat;;;;
133037;Sun;;;;
133036;Mon;Tue;Wed;Thu;Fri
133036;Sat;;;;
133036;Sun;;;;
133035;Mon;Tue;Wed;Thu;Fri
133035;Sat;;;;
133035;Sun;;;;
133034;Mon;Tue;Wed;Thu;Fri
133034;Sat;;;;
133034;Sun;;;;
133033;Mon;Tue;Wed;Thu;Fri
133033;Sat;;;;
133033;Sun;;;;
133032;Mon;Tue;Wed;Thu;Fri
133032;Sat;;;;
133032;Sun;;;;
133031;Mon;Tue;Wed;Thu;Fri
133031;Sat;;;;
133031;Sun;;;;
133030;Mon;Tue;Wed;Thu;Fri
133030;Sat;;;;
133030;Sun;;;;
133029;Mon;Tue;Wed;Thu;Fri
133029;Sat;;;;
133029;Sun;;;;
133028;Mon;Tue;Wed;Thu;Fri
133028;Sat;;;;
133028;Sun;;;;
133027;Mon;Tue;Wed;Thu;Fri
133027;Sat;;;;
133027;Sun;;;;
133026;Mon;Tue;Wed;Thu;Fri
133026;Sat;;;;
133026;Sun;;;;
133025;Mon;Tue;Wed;Thu;Fri
133025;Sat;;;;
133025;Sun;;;;
133024;Mon;Tue;Wed;Thu;Fri
133024;Sat;;;;
133024;Sun;;;;
133023;Mon;Tue;Wed;Thu;Fri
133023;Sat;;;;
133023;Sun;;;;
133022;Mon;Tue;Wed;Thu;Fri
133022;Sat;;;;
133022;Sun;;;;
133021;Mon;Tue;Wed;Thu;Fri
133021;Sat;;;;
133021;Sun;;;;
133020;Mon;Tue;Wed;Thu;Fri
133020;Sat;;;;
133020;Sun;;;;
133019;Mon;Tue;Wed;Thu;Fri
133019;Sat;;;;
133019;Sun;;;;
133018;Mon;Tue;Wed;Thu;Fri
133018;Sat;;;;
133018;Sun;;;;
133017;Mon;Tue;Wed;Thu;Fri
133017;Sat;;;;
133017;Sun;;;;
133016;Mon;Tue;Wed;Thu;Fri
133016;Sat;;;;
133016;Sun;;;;
133015;Mon;Tue;Wed;Thu;Fri
133015;Sat;;;;
133015;Sun;;;;
133014;Mon;Tue;Wed;Thu;Fri
133014;Sat;;;;
133014;Sun;;;;
133013;Mon;Tue;Wed;Thu;Fri
133013;Sat;;;;
133013;Sun;;;;
133012;Mon;Tue;Wed;Thu;Fri
133012;Sat;;;;
133012;Sun;;;;
133011;Mon;Tue;Wed;Thu;Fri
133011;Sat;;;;
133011;Sun;;;;
133010;Mon;Tue;Wed;Thu;Fri
133010;Sat;;;;
133010;Sun;;;;
133009;Mon;Tue;Wed;Thu;Fri
133009;Sat;;;;
133009;Sun;;;;
133008;Mon;Tue;Wed;Thu;Fri
133008;Sat;;;;
133008;Sun;;;;
133007;Mon;Tue;Wed;Thu;Fri
133007;Sat;;;;
133007;Sun;;;;
133006;Mon;Tue;Wed;Thu;Fri
133006;Sat;;;;
133006;Sun;;;;
133005;Mon;Tue;Wed;Thu;Fri
133005;Sat;;;;
133005;Sun;;;;
133004;Mon;Tue;Wed;Thu;Fri
133004;Sat;;;;
133004;Sun;;;;
133003;Mon;Tue;Wed;Thu;Fri
133003;Sat;;;;
133003;Sun;;;;
133002;Mon;Tue;Wed;Thu;Fri
133002;Sat;;;;
133002;Sun;;;;
133001;Mon;Tue;Wed;Thu;Fri
133001;Sat;;;;
133001;Sun;;;;
133000;Mon;Tue;Wed;Thu;Fri
133000;Sat;;;;
133000;Sun;;;;
132999;Mon;Tue;Wed;Thu;Fri
132999;Sat;;;;
132999;Sun;;;;
132998;Mon;Tue;Wed;Thu;Fri
132998;Sat;;;;
132998;Sun;;;;
132997;Mon;Tue;Wed;Thu;Fri
132997;Sat;;;;
132997;Sun;;;;
132996;Mon;Tue;Wed;Thu;Fri
132996;Sat;;;;
132996;Sun;;;;
132995;Mon;Tue;Wed;Thu;Fri
132995;Sat;;;;
132995;Sun;;;;
132994;Mon;Tue;Wed;Thu;Fri
132994;Sat;;;;
132994;Sun;;;;
132993;Mon;Tue;Wed;Thu;Fri
132993;Sat;;;;
132993;Sun;;;;
132992;Mon;Tue;Wed;Thu;Fri
132992;Sat;;;;
132992;Sun;;;;
132986;Mon;Tue;Wed;Thu;Fri
132986;Sat;;;;
132986;Sun;;;;
132985;Mon;Tue;Wed;Thu;Fri
132985;Sat;;;;
132985;Sun;;;;
132984;Mon;Tue;Wed;Thu;Fri
132984;Sat;;;;
132984;Sun;;;;
132983;Mon;Tue;Wed;Thu;Fri
132983;Sat;;;;
132983;Sun;;;;
132982;Mon;Tue;Wed;Thu;Fri
132982;Sat;;;;
132982;Sun;;;;
132981;Mon;Tue;Wed;Thu;Fri
132981;Sat;;;;
132981;Sun;;;;
132980;Mon;Tue;Wed;Thu;Fri
132980;Sat;;;;
132980;Sun;;;;
132979;Mon;Tue;Wed;Thu;Fri
132979;Sat;;;;
132979;Sun;;;;
132978;Mon;Tue;Wed;Thu;Fri
132978;Sat;;;;
132978;Sun;;;;
132977;Mon;Tue;Wed;Thu;Fri
132977;Sat;;;;
132977;Sun;;;;
132976;Mon;Tue;Wed;Thu;Fri
132976;Sat;;;;
132976;Sun;;;;
132975;Mon;Tue;Wed;Thu;Fri
132975;Sat;;;;
132975;Sun;;;;
132974;Mon;Tue;Wed;Thu;Fri
132974;Sat;;;;
132974;Sun;;;;
132973;Mon;Tue;Wed;Thu;Fri
132973;Sat;;;;
132973;Sun;;;;
132972;Mon;Tue;Wed;Thu;Fri
132972;Sat;;;;
132972;Sun;;;;
132971;Sat;;;;
132971;Mon;Tue;Wed;Thu;Fri
132971;Sun;;;;
132970;Mon;Tue;Wed;Thu;Fri
132970;Sat;;;;
132970;Sun;;;;
132969;Mon;Tue;Wed;Thu;Fri
132969;Sat;;;;
132969;Sun;;;;
132968;Mon;Tue;Wed;Thu;Fri
132968;Sat;;;;
132968;Sun;;;;
132967;Mon;Tue;Wed;Thu;Fri
132967;Sat;;;;
132967;Sun;;;;
132966;Mon;Tue;Wed;Thu;Fri
132966;Sat;;;;
132966;Sun;;;;
132965;Mon;Tue;Wed;Thu;Fri
132965;Sat;;;;
132965;Sun;;;;
132964;Mon;Tue;Wed;Thu;Fri
132964;Sat;;;;
132964;Sun;;;;
132963;Mon;Tue;Wed;Thu;Fri
132963;Sat;;;;
132963;Sun;;;;
132962;Mon;Tue;Wed;Thu;Fri
132962;Sat;;;;
132962;Sun;;;;
132961;Mon;Tue;Wed;Thu;Fri
132961;Sat;;;;
132961;Sun;;;;
132960;Mon;Tue;Wed;Thu;Fri
132960;Sat;;;;
132960;Sun;;;;
132959;Mon;Tue;Wed;Thu;Fri
132959;Sat;;;;
132959;Sun;;;;
132958;Mon;Tue;Wed;Thu;Fri
132958;Sat;;;;
132958;Sun;;;;
132957;Mon;Tue;Wed;Thu;Fri
132957;Sat;;;;
132957;Sun;;;;
132956;Mon;Tue;Wed;Thu;Fri
132956;Sat;;;;
132956;Sun;;;;
132955;Mon;Tue;Wed;Thu;Fri
132955;Sat;;;;
132955;Sun;;;;
132954;Mon;Tue;Wed;Thu;Fri
132954;Sat;;;;
132954;Sun;;;;
132953;Mon;Tue;Wed;Thu;Fri
132953;Sat;;;;
132953;Sun;;;;
132951;Mon;Tue;Wed;Thu;Fri
132951;Sat;;;;
132951;Sun;;;;
132950;Mon;Tue;Wed;Thu;Fri
132950;Sat;;;;
132950;Sun;;;;
132948;Mon;Tue;Wed;Thu;Fri
132948;Sat;;;;
132948;Sun;;;;
132947;Mon;Tue;Wed;Thu;Fri
132947;Sat;;;;
132947;Sun;;;;
132946;Mon;Tue;Wed;Thu;Fri
132946;Sat;;;;
132946;Sun;;;;
132945;Mon;Tue;Wed;Thu;Fri
132945;Sat;;;;
132945;Sun;;;;
132944;Mon;Tue;Wed;Thu;Fri
132944;Sat;;;;
132944;Sun;;;;
132943;Mon;Tue;Wed;Thu;Fri
132943;Sat;;;;
132943;Sun;;;;
132942;Mon;Tue;Wed;Thu;Fri
132942;Sat;;;;
132942;Sun;;;;
132941;Mon;Tue;Wed;Thu;Fri
132941;Sat;;;;
132941;Sun;;;;
132940;Mon;Tue;Wed;Thu;Fri
132940;Sat;;;;
132940;Sun;;;;
132939;Mon;Tue;Wed;Thu;Fri
132939;Sat;;;;
132939;Sun;;;;
132938;Mon;Tue;Wed;Thu;Fri
132938;Sat;;;;
132938;Sun;;;;
132937;Mon;Tue;Wed;Thu;Fri
132937;Sat;;;;
132937;Sun;;;;
132936;Mon;Tue;Wed;Thu;Fri
132936;Sat;;;;
132936;Sun;;;;
132935;Mon;Tue;Wed;Thu;Fri
132935;Sat;;;;
132935;Sun;;;;
132934;Mon;Tue;Wed;Thu;Fri
132934;Sat;;;;
132934;Sun;;;;
132933;Mon;Tue;Wed;Thu;Fri
132933;Sat;;;;
132933;Sun;;;;
132932;Mon;Tue;Wed;Thu;Fri
132932;Sat;;;;
132932;Sun;;;;
132931;Mon;Tue;Wed;Thu;Fri
132931;Sat;;;;
132931;Sun;;;;
132930;Mon;Tue;Wed;Thu;Fri
132930;Sat;;;;
132930;Sun;;;;
132929;Mon;Tue;Wed;Thu;Fri
132929;Sat;;;;
132929;Sun;;;;
132928;Mon;Tue;Wed;Thu;Fri
132928;Sat;;;;
132928;Sun;;;;
132927;Mon;Tue;Wed;Thu;Fri
132927;Sat;;;;
132927;Sun;;;;
132926;Mon;Tue;Wed;Thu;Fri
132926;Sat;;;;
132926;Sun;;;;
132925;Mon;Tue;Wed;Thu;Fri
132925;Sat;;;;
132925;Sun;;;;
132924;Mon;Tue;Wed;Thu;Fri
132924;Sat;;;;
132924;Sun;;;;
132923;Mon;Tue;Wed;Thu;Fri
132923;Sat;;;;
132923;Sun;;;;
132922;Mon;Tue;Wed;Thu;Fri
132922;Sat;;;;
132922;Sun;;;;
132921;Mon;Tue;Wed;Thu;Fri
132921;Sat;;;;
132921;Sun;;;;
132920;Mon;Tue;Wed;Thu;Fri
132920;Sat;;;;
132920;Sun;;;;
132919;Mon;Tue;Wed;Thu;Fri
132919;Sat;;;;
132919;Sun;;;;
132918;Mon;Tue;Wed;Thu;Fri
132918;Sat;;;;
132918;Sun;;;;
132917;Mon;Tue;Wed;Thu;Fri
132917;Sat;;;;
132917;Sun;;;;
132916;Mon;Tue;Wed;Thu;Fri
132916;Sat;;;;
132916;Sun;;;;
132915;Mon;Tue;Wed;Thu;Fri
132915;Sat;;;;
132915;Sun;;;;
132914;Mon;Tue;Wed;Thu;Fri
132914;Sat;;;;
132914;Sun;;;;
132913;Mon;Tue;Wed;Thu;Fri
132913;Sat;;;;
132913;Sun;;;;
132912;Mon;Tue;Wed;Thu;Fri
132912;Sat;;;;
132912;Sun;;;;
132911;Mon;Tue;Wed;Thu;Fri
132911;Sat;;;;
132911;Sun;;;;
132910;Mon;Tue;Wed;Thu;Fri
132910;Sat;;;;
132910;Sun;;;;
132909;Mon;Tue;Wed;Thu;Fri
132909;Sat;;;;
132909;Sun;;;;
132908;Mon;Tue;Wed;Thu;Fri
132908;Sat;;;;
132908;Sun;;;;
132907;Mon;Tue;Wed;Thu;Fri
132907;Sat;;;;
132907;Sun;;;;
132906;Mon;Tue;Wed;Thu;Fri
132906;Sat;;;;
132906;Sun;;;;
132905;Mon;Tue;Wed;Thu;Fri
132905;Sat;;;;
132905;Sun;;;;
132904;Mon;Tue;Wed;Thu;Fri
132904;Sat;;;;
132904;Sun;;;;
132903;Mon;Tue;Wed;Thu;Fri
132903;Sat;;;;
132903;Sun;;;;
132902;Mon;Tue;Wed;Thu;Fri
132902;Sat;;;;
132902;Sun;;;;
132901;Mon;Tue;Wed;Thu;Fri
132901;Sat;;;;
132901;Sun;;;;
132900;Mon;Tue;Wed;Thu;Fri
132900;Sat;;;;
132900;Sun;;;;
132899;Mon;Tue;Wed;Thu;Fri
132899;Sat;;;;
132899;Sun;;;;
132898;Mon;Tue;Wed;Thu;Fri
132898;Sat;;;;
132898;Sun;;;;
132897;Mon;Tue;Wed;Thu;Fri
132897;Sat;;;;
132897;Sun;;;;
132896;Mon;Tue;Wed;Thu;Fri
132896;Sat;;;;
132896;Sun;;;;
132895;Mon;Tue;Wed;Thu;Fri
132895;Sat;;;;
132895;Sun;;;;
132894;Mon;Tue;Wed;Thu;Fri
132894;Sat;;;;
132894;Sun;;;;
132893;Mon;Tue;Wed;Thu;Fri
132893;Sat;;;;
132893;Sun;;;;
132892;Mon;Tue;Wed;Thu;Fri
132892;Sat;;;;
132892;Sun;;;;
132891;Mon;Tue;Wed;Thu;Fri
132891;Sat;;;;
132891;Sun;;;;
132890;Mon;Tue;Wed;Thu;Fri
132890;Sat;;;;
132890;Sun;;;;
132889;Mon;Tue;Wed;Thu;Fri
132889;Sat;;;;
132889;Sun;;;;
132888;Mon;Tue;Wed;Thu;Fri
132888;Sat;;;;
132888;Sun;;;;
132887;Sat;;;;
132887;Mon;Tue;Wed;Thu;Fri
132887;Sun;;;;
132886;Mon;Tue;Wed;Thu;Fri
132886;Sat;;;;
132886;Sun;;;;
132885;Mon;Tue;Wed;Thu;Fri
132885;Sat;;;;
132885;Sun;;;;
132884;Mon;Tue;Wed;Thu;Fri
132884;Sat;;;;
132884;Sun;;;;
132883;Mon;Tue;Wed;Thu;Fri
132883;Sat;;;;
132883;Sun;;;;
132882;Mon;Tue;Wed;Thu;Fri
132882;Sat;;;;
132882;Sun;;;;
132881;Mon;Tue;Wed;Thu;Fri
132881;Sat;;;;
132881;Sun;;;;
132880;Mon;Tue;Wed;Thu;Fri
132880;Sat;;;;
132880;Sun;;;;
132879;Mon;Tue;Wed;Thu;Fri
132879;Sat;;;;
132879;Sun;;;;
132878;Mon;Tue;Wed;Thu;Fri
132878;Sat;;;;
132878;Sun;;;;
132877;Mon;Tue;Wed;Thu;Fri
132877;Sat;;;;
132877;Sun;;;;
132876;Mon;Tue;Wed;Thu;Fri
132876;Sat;;;;
132876;Sun;;;;
132875;Mon;Tue;Wed;Thu;Fri
132875;Sat;;;;
132875;Sun;;;;
132874;Mon;Tue;Wed;Thu;Fri
132874;Sat;;;;
132874;Sun;;;;
132873;Mon;Tue;Wed;Thu;Fri
132873;Sat;;;;
132873;Sun;;;;
132872;Mon;Tue;Wed;Thu;Fri
132872;Sat;;;;
132872;Sun;;;;
132871;Mon;Tue;Wed;Thu;Fri
132871;Sat;;;;
132871;Sun;;;;
132870;Mon;Tue;Wed;Thu;Fri
132870;Sat;;;;
132870;Sun;;;;
132869;Mon;Tue;Wed;Thu;Fri
132869;Sat;;;;
132869;Sun;;;;
132868;Mon;Tue;Wed;Thu;Fri
132868;Sat;;;;
132868;Sun;;;;
132867;Mon;Tue;Wed;Thu;Fri
132867;Sat;;;;
132867;Sun;;;;
132866;Mon;Tue;Wed;Thu;Fri
132866;Sat;;;;
132866;Sun;;;;
132865;Mon;Tue;Wed;Thu;Fri
132865;Sat;;;;
132865;Sun;;;;
132864;Mon;Tue;Wed;Thu;Fri
132864;Sat;;;;
132864;Sun;;;;
132863;Mon;Tue;Wed;Thu;Fri
132863;Sat;;;;
132863;Sun;;;;
132862;Mon;Tue;Wed;Thu;Fri
132862;Sat;;;;
132862;Sun;;;;
132861;Mon;Tue;Wed;Thu;Fri
132861;Sat;;;;
132861;Sun;;;;
132860;Mon;Tue;Wed;Thu;Fri
132860;Sat;;;;
132860;Sun;;;;
132859;Mon;Tue;Wed;Thu;Fri
132859;Sat;;;;
132859;Sun;;;;
132858;Mon;Tue;Wed;Thu;Fri
132858;Sat;;;;
132858;Sun;;;;
132857;Mon;Tue;Wed;Thu;Fri
132857;Sat;;;;
132857;Sun;;;;
132856;Mon;Tue;Wed;Thu;Fri
132856;Sat;;;;
132856;Sun;;;;
132855;Mon;Tue;Wed;Thu;Fri
132855;Sat;;;;
132855;Sun;;;;
132854;Mon;Tue;Wed;Thu;Fri
132854;Sat;;;;
132854;Sun;;;;
132853;Mon;Tue;Wed;Thu;Fri
132853;Sat;;;;
132853;Sun;;;;
132852;Mon;Tue;Wed;Thu;Fri
132852;Sat;;;;
132852;Sun;;;;
132851;Mon;Tue;Wed;Thu;Fri
132851;Sat;;;;
132851;Sun;;;;
132850;Mon;Tue;Wed;Thu;Fri
132850;Sat;;;;
132850;Sun;;;;
132849;Mon;Tue;Wed;Thu;Fri
132849;Sat;;;;
132849;Sun;;;;
132848;Mon;Tue;Wed;Thu;Fri
132848;Sat;;;;
132848;Sun;;;;
132847;Mon;Tue;Wed;Thu;Fri
132847;Sat;;;;
132847;Sun;;;;
132846;Mon;Tue;Wed;Thu;Fri
132846;Sat;;;;
132846;Sun;;;;
132845;Mon;Tue;Wed;Thu;Fri
132845;Sat;;;;
132845;Sun;;;;
132844;Mon;Tue;Wed;Thu;Fri
132844;Sat;;;;
132844;Sun;;;;
132843;Mon;Tue;Wed;Thu;Fri
132843;Sat;;;;
132843;Sun;;;;
132842;Mon;Tue;Wed;Thu;Fri
132842;Sat;;;;
132842;Sun;;;;
132841;Mon;Tue;Wed;Thu;Fri
132841;Sat;;;;
132841;Sun;;;;
132840;Mon;Tue;Wed;Thu;Fri
132840;Sat;;;;
132840;Sun;;;;
132839;Mon;Tue;Wed;Thu;Fri
132839;Sat;;;;
132839;Sun;;;;
132838;Mon;Tue;Wed;Thu;Fri
132838;Sat;;;;
132838;Sun;;;;
132837;Mon;Tue;Wed;Thu;Fri
132837;Sat;;;;
132837;Sun;;;;
132836;Mon;Tue;Wed;Thu;Fri
132836;Sat;;;;
132836;Sun;;;;
132835;Mon;Tue;Wed;Thu;Fri
132835;Sat;;;;
132835;Sun;;;;
132834;Mon;Tue;Wed;Thu;Fri
132834;Sat;;;;
132834;Sun;;;;
132833;Mon;Tue;Wed;Thu;Fri
132833;Sat;;;;
132833;Sun;;;;
132832;Mon;Tue;Wed;Thu;Fri
132832;Sat;;;;
132832;Sun;;;;
132831;Mon;Tue;Wed;Thu;Fri
132831;Sat;;;;
132831;Sun;;;;
132830;Mon;Tue;Wed;Thu;Fri
132830;Sat;;;;
132830;Sun;;;;
132829;Mon;Tue;Wed;Thu;Fri
132829;Sat;;;;
132829;Sun;;;;
132828;Mon;Tue;Wed;Thu;Fri
132828;Sat;;;;
132828;Sun;;;;
132827;Mon;Tue;Wed;Thu;Fri
132827;Sat;;;;
132827;Sun;;;;
132826;Mon;Tue;Wed;Thu;Fri
132826;Sat;;;;
132826;Sun;;;;
132825;Mon;Tue;Wed;Thu;Fri
132825;Sat;;;;
132825;Sun;;;;
132824;Mon;Tue;Wed;Thu;Fri
132824;Sat;;;;
132824;Sun;;;;
132823;Mon;Tue;Wed;Thu;Fri
132823;Sat;;;;
132823;Sun;;;;
132822;Mon;Tue;Wed;Thu;Fri
132822;Sat;;;;
132822;Sun;;;;
132821;Mon;Tue;Wed;Thu;Fri
132821;Sat;;;;
132821;Sun;;;;
132820;Mon;Tue;Wed;Thu;Fri
132820;Sat;;;;
132820;Sun;;;;
132819;Mon;Tue;Wed;Thu;Fri
132819;Sat;;;;
132819;Sun;;;;
132818;Mon;Tue;Wed;Thu;Fri
132818;Sat;;;;
132818;Sun;;;;
132817;Mon;Tue;Wed;Thu;Fri
132817;Sat;;;;
132817;Sun;;;;
132816;Mon;Tue;Wed;Thu;Fri
132816;Sat;;;;
132816;Sun;;;;
132815;Mon;Tue;Wed;Thu;Fri
132815;Sat;;;;
132815;Sun;;;;
132813;Mon;Tue;Wed;Thu;Fri
132813;Sat;;;;
132813;Sun;;;;
132812;Mon;Tue;Wed;Thu;Fri
132812;Sat;;;;
132812;Sun;;;;
132811;Mon;Tue;Wed;Thu;Fri
132811;Sat;;;;
132811;Sun;;;;
132810;Mon;Tue;Wed;Thu;Fri
132810;Sat;;;;
132810;Sun;;;;
132809;Mon;Tue;Wed;Thu;Fri
132809;Sat;;;;
132809;Sun;;;;
132808;Mon;Tue;Wed;Thu;Fri
132808;Sat;;;;
132808;Sun;;;;
132807;Mon;Tue;Wed;Thu;Fri
132807;Sat;;;;
132807;Sun;;;;
132806;Mon;Tue;Wed;Thu;Fri
132806;Sat;;;;
132806;Sun;;;;
132805;Sat;;;;
132805;Mon;Tue;Wed;Thu;Fri
132805;Sun;;;;
132804;Mon;Tue;Wed;Thu;Fri
132804;Sat;;;;
132804;Sun;;;;
132803;Mon;Tue;Wed;Thu;Fri
132803;Sat;;;;
132803;Sun;;;;
132802;Mon;Tue;Wed;Thu;Fri
132802;Sat;;;;
132802;Sun;;;;
132801;Mon;Tue;Wed;Thu;Fri
132801;Sat;;;;
132801;Sun;;;;
132799;Mon;Tue;Wed;Thu;Fri
132799;Sat;;;;
132799;Sun;;;;
132798;Mon;Tue;Wed;Thu;Fri
132798;Sat;;;;
132798;Sun;;;;
132797;Mon;Tue;Wed;Thu;Fri
132797;Sat;;;;
132797;Sun;;;;
132796;Mon;Tue;Wed;Thu;Fri
132796;Sat;;;;
132796;Sun;;;;
132795;Mon;Tue;Wed;Thu;Fri
132795;Sat;;;;
132795;Sun;;;;
132794;Mon;Tue;Wed;Thu;Fri
132794;Sat;;;;
132794;Sun;;;;
132793;Mon;Tue;Wed;Thu;Fri
132793;Sat;;;;
132793;Sun;;;;
132792;Mon;Tue;Wed;Thu;Fri
132792;Sat;;;;
132792;Sun;;;;
132791;Mon;Tue;Wed;Thu;Fri
132791;Sat;;;;
132791;Sun;;;;
132790;Mon;Tue;Wed;Thu;Fri
132790;Sat;;;;
132790;Sun;;;;
132789;Mon;Tue;Wed;Thu;Fri
132789;Sat;;;;
132789;Sun;;;;
132788;Mon;Tue;Wed;Thu;Fri
132788;Sat;;;;
132788;Sun;;;;
132787;Mon;Tue;Wed;Thu;Fri
132787;Sat;;;;
132787;Sun;;;;
132786;Mon;Tue;Wed;Thu;Fri
132786;Sat;;;;
132786;Sun;;;;
132785;Mon;Tue;Wed;Thu;Fri
132785;Sat;;;;
132785;Sun;;;;
132784;Mon;Tue;Wed;Thu;Fri
132784;Sat;;;;
132784;Sun;;;;
132783;Mon;Tue;Wed;Thu;Fri
132783;Sat;;;;
132783;Sun;;;;
132782;Mon;Tue;Wed;Thu;Fri
132782;Sat;;;;
132782;Sun;;;;
132781;Mon;Tue;Wed;Thu;Fri
132781;Sat;;;;
132781;Sun;;;;
132780;Mon;Tue;Wed;Thu;Fri
132780;Sat;;;;
132780;Sun;;;;
132779;Mon;Tue;Wed;Thu;Fri
132779;Sat;;;;
132779;Sun;;;;
132778;Mon;Tue;Wed;Thu;Fri
132778;Sat;;;;
132778;Sun;;;;
132777;Mon;Tue;Wed;Thu;Fri
132777;Sat;;;;
132777;Sun;;;;
132776;Mon;Tue;Wed;Thu;Fri
132776;Sat;;;;
132776;Sun;;;;
132775;Mon;Tue;Wed;Thu;Fri
132775;Sat;;;;
132775;Sun;;;;
132774;Mon;Tue;Wed;Thu;Fri
132774;Sat;;;;
132774;Sun;;;;
132773;Mon;Tue;Wed;Thu;Fri
132773;Sat;;;;
132773;Sun;;;;
132772;Mon;Tue;Wed;Thu;Fri
132772;Sat;;;;
132772;Sun;;;;
132771;Mon;Tue;Wed;Thu;Fri
132771;Sat;;;;
132771;Sun;;;;
132770;Mon;Tue;Wed;Thu;Fri
132770;Sat;;;;
132770;Sun;;;;
132769;Mon;Tue;Wed;Thu;Fri
132769;Sat;;;;
132769;Sun;;;;
132768;Mon;Tue;Wed;Thu;Fri
132768;Sat;;;;
132768;Sun;;;;
132767;Mon;Tue;Wed;Thu;Fri
132767;Sat;;;;
132767;Sun;;;;
132766;Mon;Tue;Wed;Thu;Fri
132766;Sat;;;;
132766;Sun;;;;
132762;Mon;Tue;Wed;Thu;Fri
132762;Sat;;;;
132762;Sun;;;;
132761;Mon;Tue;Wed;Thu;Fri
132761;Sat;;;;
132761;Sun;;;;
132760;Mon;Tue;Wed;Thu;Fri
132760;Sat;;;;
132760;Sun;;;;
132759;Mon;Tue;Wed;Thu;Fri
132759;Sat;;;;
132759;Sun;;;;
132758;Mon;Tue;Wed;Thu;Fri
132758;Sat;;;;
132758;Sun;;;;
132757;Mon;Tue;Wed;Thu;Fri
132757;Sat;;;;
132757;Sun;;;;
132756;Mon;Tue;Wed;Thu;Fri
132756;Sat;;;;
132756;Sun;;;;
132755;Mon;Tue;Wed;Thu;Fri
132755;Sat;;;;
132755;Sun;;;;
132754;Mon;Tue;Wed;Thu;Fri
132754;Sat;;;;
132754;Sun;;;;
132753;Mon;Tue;Wed;Thu;Fri
132753;Sat;;;;
132753;Sun;;;;
132752;Mon;Tue;Wed;Thu;Fri
132752;Sat;;;;
132752;Sun;;;;
132751;Mon;Tue;Wed;Thu;Fri
132751;Sat;;;;
132751;Sun;;;;
132750;Mon;Tue;Wed;Thu;Fri
132750;Sat;;;;
132750;Sun;;;;
132749;Mon;Tue;Wed;Thu;Fri
132749;Sat;;;;
132749;Sun;;;;
132748;Mon;Tue;Wed;Thu;Fri
132748;Sat;;;;
132748;Sun;;;;
132747;Mon;Tue;Wed;Thu;Fri
132747;Sat;;;;
132747;Sun;;;;
132746;Mon;Tue;Wed;Thu;Fri
132746;Sat;;;;
132746;Sun;;;;
132745;Mon;Tue;Wed;Thu;Fri
132745;Sat;;;;
132745;Sun;;;;
132744;Mon;Tue;Wed;Thu;Fri
132744;Sat;;;;
132744;Sun;;;;
132743;Mon;Tue;Wed;Thu;Fri
132743;Sat;;;;
132743;Sun;;;;
132742;Mon;Tue;Wed;Thu;Fri
132742;Sat;;;;
132742;Sun;;;;
132741;Mon;Tue;Wed;Thu;Fri
132741;Sat;;;;
132741;Sun;;;;
132740;Mon;Tue;Wed;Thu;Fri
132740;Sat;;;;
132740;Sun;;;;
132739;Mon;Tue;Wed;Thu;Fri
132739;Sat;;;;
132739;Sun;;;;
132738;Mon;Tue;Wed;Thu;Fri
132738;Sat;;;;
132738;Sun;;;;
132737;Mon;Tue;Wed;Thu;Fri
132737;Sat;;;;
132737;Sun;;;;
132736;Mon;Tue;Wed;Thu;Fri
132736;Sat;;;;
132736;Sun;;;;
132735;Mon;Tue;Wed;Thu;Fri
132735;Sat;;;;
132735;Sun;;;;
132734;Mon;Tue;Wed;Thu;Fri
132734;Sat;;;;
132734;Sun;;;;
132733;Mon;Tue;Wed;Thu;Fri
132733;Sat;;;;
132733;Sun;;;;
132732;Mon;Tue;Wed;Thu;Fri
132732;Sat;;;;
132732;Sun;;;;
132731;Mon;Tue;Wed;Thu;Fri
132731;Sat;;;;
132731;Sun;;;;
132730;Mon;Tue;Wed;Thu;Fri
132730;Sat;;;;
132730;Sun;;;;
132729;Mon;Tue;Wed;Thu;Fri
132729;Sat;;;;
132729;Sun;;;;
132728;Mon;Tue;Wed;Thu;Fri
132728;Sat;;;;
132728;Sun;;;;
132727;Mon;Tue;Wed;Thu;Fri
132727;Sat;;;;
132727;Sun;;;;
132726;Mon;Tue;Wed;Thu;Fri
132726;Sat;;;;
132726;Sun;;;;
132725;Mon;Tue;Wed;Thu;Fri
132725;Sat;;;;
132725;Sun;;;;
132724;Mon;Tue;Wed;Thu;Fri
132724;Sat;;;;
132724;Sun;;;;
132723;Mon;Tue;Wed;Thu;Fri
132723;Sat;;;;
132723;Sun;;;;
132722;Mon;Tue;Wed;Thu;Fri
132722;Sat;;;;
132722;Sun;;;;
132721;Mon;Tue;Wed;Thu;Fri
132721;Sat;;;;
132721;Sun;;;;
132720;Mon;Tue;Wed;Thu;Fri
132720;Sat;;;;
132720;Sun;;;;
132719;Sat;;;;
132719;Mon;Tue;Wed;Thu;Fri
132719;Sun;;;;
132718;Mon;Tue;Wed;Thu;Fri
132718;Sat;;;;
132718;Sun;;;;
132717;Mon;Tue;Wed;Thu;Fri
132717;Sat;;;;
132717;Sun;;;;
132716;Mon;Tue;Wed;Thu;Fri
132716;Sat;;;;
132716;Sun;;;;
132715;Mon;Tue;Wed;Thu;Fri
132715;Sat;;;;
132715;Sun;;;;
132714;Mon;Tue;Wed;Thu;Fri
132714;Sat;;;;
132714;Sun;;;;
132713;Mon;Tue;Wed;Thu;Fri
132713;Sat;;;;
132713;Sun;;;;
132712;Mon;Tue;Wed;Thu;Fri
132712;Sat;;;;
132712;Sun;;;;
132711;Mon;Tue;Wed;Thu;Fri
132711;Sat;;;;
132711;Sun;;;;
132710;Mon;Tue;Wed;Thu;Fri
132710;Sat;;;;
132710;Sun;;;;
132709;Mon;Tue;Wed;Thu;Fri
132709;Sat;;;;
132709;Sun;;;;
132708;Mon;Tue;Wed;Thu;Fri
132708;Sat;;;;
132708;Sun;;;;
132707;Mon;Tue;Wed;Thu;Fri
132707;Sat;;;;
132707;Sun;;;;
132706;Mon;Tue;Wed;Thu;Fri
132706;Sat;;;;
132706;Sun;;;;
132705;Mon;Tue;Wed;Thu;Fri
132705;Sat;;;;
132705;Sun;;;;
132704;Mon;Tue;Wed;Thu;Fri
132704;Sat;;;;
132704;Sun;;;;
132703;Mon;Tue;Wed;Thu;Fri
132703;Sat;;;;
132703;Sun;;;;
132702;Mon;Tue;Wed;Thu;Fri
132702;Sat;;;;
132702;Sun;;;;
132701;Mon;Tue;Wed;Thu;Fri
132701;Sat;;;;
132701;Sun;;;;
132700;Mon;Tue;Wed;Thu;Fri
132700;Sat;;;;
132700;Sun;;;;
132699;Mon;Tue;Wed;Thu;Fri
132699;Sat;;;;
132699;Sun;;;;
132698;Mon;Tue;Wed;Thu;Fri
132698;Sat;;;;
132698;Sun;;;;
132697;Mon;Tue;Wed;Thu;Fri
132697;Sat;;;;
132697;Sun;;;;
132696;Mon;Tue;Wed;Thu;Fri
132696;Sat;;;;
132696;Sun;;;;
132695;Mon;Tue;Wed;Thu;Fri
132695;Sat;;;;
132695;Sun;;;;
132694;Mon;Tue;Wed;Thu;Fri
132694;Sat;;;;
132694;Sun;;;;
132693;Mon;Tue;Wed;Thu;Fri
132693;Sat;;;;
132693;Sun;;;;
132692;Mon;Tue;Wed;Thu;Fri
132692;Sat;;;;
132692;Sun;;;;
132691;Mon;Tue;Wed;Thu;Fri
132691;Sat;;;;
132691;Sun;;;;
132690;Mon;Tue;Wed;Thu;Fri
132690;Sat;;;;
132690;Sun;;;;
132689;Mon;Tue;Wed;Thu;Fri
132689;Sat;;;;
132689;Sun;;;;
132688;Mon;Tue;Wed;Thu;Fri
132688;Sat;;;;
132688;Sun;;;;
132687;Mon;Tue;Wed;Thu;Fri
132687;Sat;;;;
132687;Sun;;;;
132686;Mon;Tue;Wed;Thu;Fri
132686;Sat;;;;
132686;Sun;;;;
132685;Mon;Tue;Wed;Thu;Fri
132685;Sat;;;;
132685;Sun;;;;
132684;Mon;Tue;Wed;Thu;Fri
132684;Sat;;;;
132684;Sun;;;;
132683;Mon;Tue;Wed;Thu;Fri
132683;Sat;;;;
132683;Sun;;;;
132682;Mon;Tue;Wed;Thu;Fri
132682;Sat;;;;
132682;Sun;;;;
132681;Mon;Tue;Wed;Thu;Fri
132681;Sat;;;;
132681;Sun;;;;
132680;Mon;Tue;Wed;Thu;Fri
132680;Sat;;;;
132680;Sun;;;;
132679;Mon;Tue;Wed;Thu;Fri
132679;Sat;;;;
132679;Sun;;;;
132678;Mon;Tue;Wed;Thu;Fri
132678;Sat;;;;
132678;Sun;;;;
132677;Mon;Tue;Wed;Thu;Fri
132677;Sat;;;;
132677;Sun;;;;
132676;Mon;Tue;Wed;Thu;Fri
132676;Sat;;;;
132676;Sun;;;;
132675;Mon;Tue;Wed;Thu;Fri
132675;Sat;;;;
132675;Sun;;;;
132674;Mon;Tue;Wed;Thu;Fri
132674;Sat;;;;
132674;Sun;;;;
132673;Mon;Tue;Wed;Thu;Fri
132673;Sat;;;;
132673;Sun;;;;
132672;Mon;Tue;Wed;Thu;Fri
132672;Sat;;;;
132672;Sun;;;;
132671;Mon;Tue;Wed;Thu;Fri
132671;Sat;;;;
132671;Sun;;;;
132670;Mon;Tue;Wed;Thu;Fri
132670;Sat;;;;
132670;Sun;;;;
132669;Mon;Tue;Wed;Thu;Fri
132669;Sat;;;;
132669;Sun;;;;
132668;Mon;Tue;Wed;Thu;Fri
132668;Sat;;;;
132668;Sun;;;;
132667;Mon;Tue;Wed;Thu;Fri
132667;Sat;;;;
132667;Sun;;;;
132666;Mon;Tue;Wed;Thu;Fri
132666;Sat;;;;
132666;Sun;;;;
132665;Mon;Tue;Wed;Thu;Fri
132665;Sat;;;;
132665;Sun;;;;
132664;Mon;Tue;Wed;Thu;Fri
132664;Sat;;;;
132664;Sun;;;;
132663;Mon;Tue;Wed;Thu;Fri
132663;Sat;;;;
132663;Sun;;;;
132662;Mon;Tue;Wed;Thu;Fri
132662;Sat;;;;
132662;Sun;;;;
132661;Mon;Tue;Wed;Thu;Fri
132661;Sat;;;;
132661;Sun;;;;
132660;Mon;Tue;Wed;Thu;Fri
132660;Sat;;;;
132660;Sun;;;;
132659;Mon;Tue;Wed;Thu;Fri
132659;Sat;;;;
132659;Sun;;;;
132658;Mon;Tue;Wed;Thu;Fri
132658;Sat;;;;
132658;Sun;;;;
132657;Mon;Tue;Wed;Thu;Fri
132657;Sat;;;;
132657;Sun;;;;
132656;Mon;Tue;Wed;Thu;Fri
132656;Sat;;;;
132656;Sun;;;;
132655;Mon;Tue;Wed;Thu;Fri
132655;Sat;;;;
132655;Sun;;;;
132654;Mon;Tue;Wed;Thu;Fri
132654;Sat;;;;
132654;Sun;;;;
132653;Mon;Tue;Wed;Thu;Fri
132653;Sat;;;;
132653;Sun;;;;
132652;Mon;Tue;Wed;Thu;Fri
132652;Sat;;;;
132652;Sun;;;;
132651;Mon;Tue;Wed;Thu;Fri
132651;Sat;;;;
132651;Sun;;;;
132650;Mon;Tue;Wed;Thu;Fri
132650;Sat;;;;
132650;Sun;;;;
132649;Mon;Tue;Wed;Thu;Fri
132649;Sat;;;;
132649;Sun;;;;
132648;Mon;Tue;Wed;Thu;Fri
132648;Sat;;;;
132648;Sun;;;;
132647;Mon;Tue;Wed;Thu;Fri
132647;Sat;;;;
132647;Sun;;;;
132646;Mon;Tue;Wed;Thu;Fri
132646;Sat;;;;
132646;Sun;;;;
132645;Mon;Tue;Wed;Thu;Fri
132645;Sat;;;;
132645;Sun;;;;
132644;Mon;Tue;Wed;Thu;Fri
132644;Sat;;;;
132644;Sun;;;;
132643;Mon;Tue;Wed;Thu;Fri
132643;Sat;;;;
132643;Sun;;;;
132642;Mon;Tue;Wed;Thu;Fri
132642;Sat;;;;
132642;Sun;;;;
132641;Mon;Tue;Wed;Thu;Fri
132641;Sat;;;;
132641;Sun;;;;
132640;Mon;Tue;Wed;Thu;Fri
132640;Sat;;;;
132640;Sun;;;;
132639;Mon;Tue;Wed;Thu;Fri
132639;Sat;;;;
132639;Sun;;;;
132638;Mon;Tue;Wed;Thu;Fri
132638;Sat;;;;
132638;Sun;;;;
132637;Mon;Tue;Wed;Thu;Fri
132637;Sat;;;;
132637;Sun;;;;
132636;Sat;;;;
132636;Mon;Tue;Wed;Thu;Fri
132636;Sun;;;;
132635;Mon;Tue;Wed;Thu;Fri
132635;Sat;;;;
132635;Sun;;;;
132634;Mon;Tue;Wed;Thu;Fri
132634;Sat;;;;
132634;Sun;;;;
132633;Mon;Tue;Wed;Thu;Fri
132633;Sat;;;;
132633;Sun;;;;
132632;Mon;Tue;Wed;Thu;Fri
132632;Sat;;;;
132632;Sun;;;;
132631;Mon;Tue;Wed;Thu;Fri
132631;Sat;;;;
132631;Sun;;;;
132630;Mon;Tue;Wed;Thu;Fri
132630;Sat;;;;
132630;Sun;;;;
132629;Mon;Tue;Wed;Thu;Fri
132629;Sat;;;;
132629;Sun;;;;
132628;Mon;Tue;Wed;Thu;Fri
132628;Sat;;;;
132628;Sun;;;;
132626;Mon;Tue;Wed;Thu;Fri
132626;Sat;;;;
132626;Sun;;;;
132625;Mon;Tue;Wed;Thu;Fri
132625;Sat;;;;
132625;Sun;;;;
132624;Mon;Tue;Wed;Thu;Fri
132624;Sat;;;;
132624;Sun;;;;
132623;Mon;Tue;Wed;Thu;Fri
132623;Sat;;;;
132623;Sun;;;;
132622;Mon;Tue;Wed;Thu;Fri
132622;Sat;;;;
132622;Sun;;;;
132621;Mon;Tue;Wed;Thu;Fri
132621;Sat;;;;
132621;Sun;;;;
132620;Mon;Tue;Wed;Thu;Fri
132620;Sat;;;;
132620;Sun;;;;
132619;Mon;Tue;Wed;Thu;Fri
132619;Sat;;;;
132619;Sun;;;;
132618;Mon;Tue;Wed;Thu;Fri
132618;Sat;;;;
132618;Sun;;;;
132617;Mon;Tue;Wed;Thu;Fri
132617;Sat;;;;
132617;Sun;;;;
132616;Mon;Tue;Wed;Thu;Fri
132616;Sat;;;;
132616;Sun;;;;
132615;Mon;Tue;Wed;Thu;Fri
132615;Sat;;;;
132615;Sun;;;;
132614;Mon;Tue;Wed;Thu;Fri
132614;Sat;;;;
132614;Sun;;;;
132613;Mon;Tue;Wed;Thu;Fri
132613;Sat;;;;
132613;Sun;;;;
132612;Mon;Tue;Wed;Thu;Fri
132612;Sat;;;;
132612;Sun;;;;
132611;Mon;Tue;Wed;Thu;Fri
132611;Sat;;;;
132611;Sun;;;;
132610;Mon;Tue;Wed;Thu;Fri
132610;Sat;;;;
132610;Sun;;;;
132609;Mon;Tue;Wed;Thu;Fri
132609;Sat;;;;
132609;Sun;;;;
132608;Mon;Tue;Wed;Thu;Fri
132608;Sat;;;;
132608;Sun;;;;
132607;Mon;Tue;Wed;Thu;Fri
132607;Sat;;;;
132607;Sun;;;;
132598;Mon;Tue;Wed;Thu;Fri
132598;Sat;;;;
132598;Sun;;;;
132597;Mon;Tue;Wed;Thu;Fri
132597;Sat;;;;
132597;Sun;;;;
132595;Mon;Tue;Wed;Thu;Fri
132595;Sat;;;;
132595;Sun;;;;
132594;Mon;Tue;Wed;Thu;Fri
132594;Sat;;;;
132594;Sun;;;;
132592;Mon;Tue;Wed;Thu;Fri
132592;Sat;;;;
132592;Sun;;;;
132591;Mon;Tue;Wed;Thu;Fri
132591;Sat;;;;
132591;Sun;;;;
132589;Mon;Tue;Wed;Thu;Fri
132589;Sat;;;;
132589;Sun;;;;
132588;Mon;Tue;Wed;Thu;Fri
132588;Sat;;;;
132588;Sun;;;;
132587;Mon;Tue;Wed;Thu;Fri
132587;Sat;;;;
132587;Sun;;;;
132586;Mon;Tue;Wed;Thu;Fri
132586;Sat;;;;
132586;Sun;;;;
132585;Mon;Tue;Wed;Thu;Fri
132585;Sat;;;;
132585;Sun;;;;
132584;Mon;Tue;Wed;Thu;Fri
132584;Sat;;;;
132584;Sun;;;;
132582;Mon;Tue;Wed;Thu;Fri
132582;Sat;;;;
132582;Sun;;;;
132581;Mon;Tue;Wed;Thu;Fri
132581;Sat;;;;
132581;Sun;;;;
132580;Mon;Tue;Wed;Thu;Fri
132580;Sat;;;;
132580;Sun;;;;
132579;Mon;Tue;Wed;Thu;Fri
132579;Sat;;;;
132579;Sun;;;;
132578;Mon;Tue;Wed;Thu;Fri
132578;Sat;;;;
132578;Sun;;;;
132577;Mon;Tue;Wed;Thu;Fri
132577;Sat;;;;
132577;Sun;;;;
132576;Mon;Tue;Wed;Thu;Fri
132576;Sat;;;;
132576;Sun;;;;
132575;Mon;Tue;Wed;Thu;Fri
132575;Sat;;;;
132575;Sun;;;;
132574;Mon;Tue;Wed;Thu;Fri
132574;Sat;;;;
132574;Sun;;;;
132573;Mon;Tue;Wed;Thu;Fri
132573;Sat;;;;
132573;Sun;;;;
132572;Mon;Tue;Wed;Thu;Fri
132572;Sat;;;;
132572;Sun;;;;
132571;Mon;Tue;Wed;Thu;Fri
132571;Sat;;;;
132571;Sun;;;;
132570;Mon;Tue;Wed;Thu;Fri
132570;Sat;;;;
132570;Sun;;;;
132569;Mon;Tue;Wed;Thu;Fri
132569;Sat;;;;
132569;Sun;;;;
132568;Mon;Tue;Wed;Thu;Fri
132568;Sat;;;;
132568;Sun;;;;
132567;Mon;Tue;Wed;Thu;Fri
132567;Sat;;;;
132567;Sun;;;;
132566;Mon;Tue;Wed;Thu;Fri
132566;Sat;;;;
132566;Sun;;;;
132565;Mon;Tue;Wed;Thu;Fri
132565;Sat;;;;
132565;Sun;;;;
132564;Mon;Tue;Wed;Thu;Fri
132564;Sat;;;;
132564;Sun;;;;
132563;Mon;Tue;Wed;Thu;Fri
132563;Sat;;;;
132563;Sun;;;;
132562;Mon;Tue;Wed;Thu;Fri
132562;Sat;;;;
132562;Sun;;;;
132561;Mon;Tue;Wed;Thu;Fri
132561;Sat;;;;
132561;Sun;;;;
132560;Mon;Tue;Wed;Thu;Fri
132560;Sat;;;;
132560;Sun;;;;
132557;Mon;Tue;Wed;Thu;Fri
132557;Sun;;;;
132557;Mon;Tue;Wed;Thu;Fri
132557;Sat;;;;
132557;Sat;;;;
132557;Sun;;;;
132545;Sat;;;;
132545;Sun;;;;
132545;Sun;;;;
132545;Mon;Tue;Wed;Thu;Fri
132545;Sat;;;;
132545;Mon;Tue;Wed;Thu;Fri
132544;Sat;;;;
132544;Sun;;;;
132544;Sun;;;;
132544;Mon;Tue;Wed;Thu;Fri
132544;Mon;Tue;Wed;Thu;Fri
132544;Sat;;;;
132536;Mon;Tue;Wed;Thu;Fri
132536;Mon;Tue;Wed;Thu;Fri
132535;Mon;Tue;Wed;Thu;Fri
132535;Mon;Tue;Wed;Thu;Fri
132535;Sat;;;;
132535;Sat;;;;
132532;Sat;;;;
132532;Mon;Tue;Wed;Thu;Fri
132532;Mon;Tue;Wed;Thu;Fri
132532;Sat;;;;
132531;Sat;;;;
132531;Sun;;;;
132531;Sun;;;;
132531;Mon;Tue;Wed;Thu;Fri
132531;Mon;Tue;Wed;Thu;Fri
132531;Sat;;;;
132530;Sun;;;;
132530;Sun;;;;
132530;Mon;Tue;Wed;Thu;Fri
132530;Mon;Tue;Wed;Thu;Fri
132530;Sat;;;;
132530;Sat;;;;
132527;Sun;;;;
132527;Sun;;;;
132527;Mon;Tue;Wed;Thu;Fri
132527;Mon;Tue;Wed;Thu;Fri
132527;Sat;;;;
132527;Sat;;;;
132521;Sun;;;;
132521;Sun;;;;
132521;Mon;Tue;Wed;Thu;Fri
132521;Mon;Tue;Wed;Thu;Fri
132521;Sat;;;;
132521;Sat;;;;
132518;Mon;Tue;Wed;Thu;Fri
132518;Mon;Tue;Wed;Thu;Fri
132498;Sat;;;;
132498;Sun;;;;
132498;Sun;;;;
132498;Mon;Tue;Wed;Thu;Fri
132498;Mon;Tue;Wed;Thu;Fri
132498;Mon;Tue;Wed;Thu;Fri
132498;Mon;Tue;Wed;Thu;Fri
132498;Sat;;;;
132498;Sat;;;;
132498;Sat;;;;
132498;Sun;;;;
132498;Sun;;;;
132491;Mon;Tue;Wed;Thu;Fri
132491;Mon;Tue;Wed;Thu;Fri
132491;Mon;Tue;Wed;Thu;Fri
132491;Sat;;;;
132491;Mon;Tue;Wed;Thu;Fri
132491;Sat;;;;
132483;Sat;;;;
132483;Sun;;;;
132483;Sun;;;;
132483;Mon;Tue;Wed;Thu;Fri
132483;Mon;Tue;Wed;Thu;Fri
132483;Sat;;;;
132482;Mon;Tue;Wed;Thu;Fri
132482;Mon;Tue;Wed;Thu;Fri
132482;Sat;;;;
132482;Sat;;;;
132482;Sun;;;;
132482;Sun;;;;
132481;Sun;;;;
132481;Sun;;;;
132481;Mon;Tue;Wed;Thu;Fri
132481;Mon;Tue;Wed;Thu;Fri
132481;Sat;;;;
132481;Sat;;;;
132479;Mon;Tue;Wed;Thu;Fri
132479;Sat;;;;
132479;Sun;;;;
132479;Sun;;;;
132479;Mon;Tue;Wed;Thu;Fri
132479;Sat;;;;
132478;Mon;Tue;Wed;Thu;Fri
132478;Mon;Tue;Wed;Thu;Fri
132478;Sat;;;;
132478;Sat;;;;
132477;Sat;;;;
132477;Sun;;;;
132477;Sun;;;;
132477;Mon;Tue;Wed;Thu;Fri
132477;Mon;Tue;Wed;Thu;Fri
132477;Sat;;;;
132474;Sun;;;;
132474;Sun;;;;
132474;Mon;Tue;Wed;Thu;Fri
132474;Sat;;;;
132474;Mon;Tue;Wed;Thu;Fri
132474;Sat;;;;
132469;Sat;;;;
132469;Sat;;;;
132469;Sun;;;;
132469;Sun;;;;
132469;Mon;Tue;Wed;Thu;Fri
132469;Mon;Tue;Wed;Thu;Fri
132468;Sat;;;;
132468;Sun;;;;
132468;Sun;;;;
132468;Mon;Tue;Wed;Thu;Fri
132468;Mon;Tue;Wed;Thu;Fri
132468;Sat;;;;
132449;Sat;;;;
132449;Sun;;;;
132449;Sun;;;;
132449;Mon;Tue;Wed;Thu;Fri
132449;Mon;Tue;Wed;Thu;Fri
132449;Sat;;;;
132447;Sun;;;;
132447;Mon;Tue;Wed;Thu;Fri
132447;Sat;;;;
132447;Sat;;;;
132447;Sun;;;;
132447;Mon;Tue;Wed;Thu;Fri
132446;Mon;Tue;Wed;Thu;Fri
132446;Mon;Tue;Wed;Thu;Fri
132446;Sat;;;;
132446;Sat;;;;
132443;Sat;;;;
132443;Sat;;;;
132443;Sun;;;;
132443;Sun;;;;
132443;Mon;Tue;Wed;Thu;Fri
132443;Mon;Tue;Wed;Thu;Fri
132439;Sat;;;;
132439;Sun;;;;
132439;Mon;Tue;Wed;Thu;Fri
132439;Mon;Tue;Wed;Thu;Fri
132439;Sat;;;;
132439;Sun;;;;
132438;Sun;;;;
132438;Sun;;;;
132438;Mon;Tue;Wed;Thu;Fri
132438;Mon;Tue;Wed;Thu;Fri
132438;Sat;;;;
132438;Sat;;;;
132437;Mon;Tue;Wed;Thu;Fri
132437;Sat;;;;
132437;Sat;;;;
132437;Sun;;;;
132437;Sun;;;;
132437;Mon;Tue;Wed;Thu;Fri
132436;Sat;;;;
132436;Sat;;;;
132436;Sun;;;;
132436;Sun;;;;
132436;Mon;Tue;Wed;Thu;Fri
132436;Mon;Tue;Wed;Thu;Fri
132421;Sat;;;;
132421;Sat;;;;
132421;Sun;;;;
132421;Sun;;;;
132421;Mon;Tue;Wed;Thu;Fri
132421;Mon;Tue;Wed;Thu;Fri
132409;Mon;Tue;Wed;Thu;Fri
132409;Mon;Tue;Wed;Thu;Fri
132407;Sun;;;;
132407;Sun;;;;
132407;Mon;Tue;Wed;Thu;Fri
132407;Mon;Tue;Wed;Thu;Fri
132407;Sat;;;;
132407;Sat;;;;
132399;Sat;;;;
132399;Sun;;;;
132399;Sun;;;;
132399;Mon;Tue;Wed;Thu;Fri
132399;Mon;Tue;Wed;Thu;Fri
132399;Sat;;;;
132396;Sat;;;;
132396;Sun;;;;
132396;Sun;;;;
132396;Mon;Tue;Wed;Thu;Fri
132396;Mon;Tue;Wed;Thu;Fri
132396;Sat;;;;
132395;Sat;;;;
132395;Sun;;;;
132395;Sun;;;;
132395;Sat;;;;
132372;Sun;;;;
132372;Sun;;;;
132372;Mon;Tue;Wed;Thu;Fri
132372;Mon;Tue;Wed;Thu;Fri
132372;Sat;;;;
132372;Sat;;;;
132364;Sat;;;;
132364;Sun;;;;
132364;Sun;;;;
132364;Mon;Tue;Wed;Thu;Fri
132364;Mon;Tue;Wed;Thu;Fri
132364;Sat;;;;
132361;Mon;Tue;Wed;Thu;Fri
132361;Sat;;;;
132361;Mon;Tue;Wed;Thu;Fri
132361;Sat;;;;
132361;Sun;;;;
132361;Sun;;;;
132355;Sun;;;;
132355;Sun;;;;
132355;Mon;Tue;Wed;Thu;Fri
132355;Mon;Tue;Wed;Thu;Fri
132355;Sat;;;;
132355;Sat;;;;
132353;Sun;;;;
132353;Sun;;;;
132353;Mon;Tue;Wed;Thu;Fri
132353;Mon;Tue;Wed;Thu;Fri
132353;Sat;;;;
132353;Sat;;;;
132319;Sat;;;;
132319;Sun;;;;
132319;Sun;;;;
132319;Mon;Tue;Wed;Thu;Fri
132319;Mon;Tue;Wed;Thu;Fri
132319;Sat;;;;
132318;Sun;;;;
132318;Mon;Tue;Wed;Thu;Fri
132318;Sat;;;;
132318;Sun;;;;
132318;Mon;Tue;Wed;Thu;Fri
132318;Sat;;;;
132317;Sun;;;;
132317;Mon;Tue;Wed;Thu;Fri
132317;Mon;Tue;Wed;Thu;Fri
132317;Sat;;;;
132317;Sat;;;;
132317;Sun;;;;
132310;Sun;;;;
132310;Sat;;;;
132310;Sun;;;;
132310;Mon;Tue;Wed;Thu;Fri
132310;Mon;Tue;Wed;Thu;Fri
132310;Sat;;;;
132302;Sun;;;;
132302;Sun;;;;
132302;Mon;Tue;Wed;Thu;Fri
132302;Mon;Tue;Wed;Thu;Fri
132302;Sat;;;;
132302;Sat;;;;
132301;Sat;;;;
132301;Sun;;;;
132301;Sun;;;;
132301;Mon;Tue;Wed;Thu;Fri
132301;Mon;Tue;Wed;Thu;Fri
132301;Sat;;;;
132297;Sun;;;;
132297;Sun;;;;
132297;Mon;Tue;Wed;Thu;Fri
132297;Mon;Tue;Wed;Thu;Fri
132297;Sat;;;;
132297;Sat;;;;
132284;Sat;;;;
132284;Sat;;;;
132284;Sun;;;;
132284;Sun;;;;
132284;Mon;Tue;Wed;Thu;Fri
132284;Mon;Tue;Wed;Thu;Fri
132275;Mon;Tue;Wed;Thu;Fri
132275;Mon;Tue;Wed;Thu;Fri
132275;Sun;;;;
132275;Sun;;;;
132275;Mon;Tue;Wed;Thu;Fri
132275;Mon;Tue;Wed;Thu;Fri
132275;Sat;;;;
132275;Sat;;;;
132273;Sun;;;;
132273;Sun;;;;
132273;Mon;Tue;Wed;Thu;Fri
132273;Mon;Tue;Wed;Thu;Fri
132273;Sat;;;;
132273;Sat;;;;
132266;Sat;;;;
132266;Sun;;;;
132266;Sun;;;;
132266;Mon;Tue;Wed;Thu;Fri
132266;Mon;Tue;Wed;Thu;Fri
132266;Sat;;;;
132265;Sun;;;;
132265;Sun;;;;
132265;Mon;Tue;Wed;Thu;Fri
132265;Mon;Tue;Wed;Thu;Fri
132265;Sat;;;;
132265;Sat;;;;
132258;Mon;Tue;Wed;Thu;Fri
132258;Sat;;;;
132258;Mon;Tue;Wed;Thu;Fri
132258;Sat;;;;
132255;Sun;;;;
132255;Sun;;;;
132255;Mon;Tue;Wed;Thu;Fri
132255;Mon;Tue;Wed;Thu;Fri
132255;Sat;;;;
132255;Sat;;;;
132250;Sat;;;;
132250;Sun;;;;
132250;Sun;;;;
132250;Mon;Tue;Wed;Thu;Fri
132250;Mon;Tue;Wed;Thu;Fri
132250;Sat;;;;
132244;Mon;Tue;Wed;Thu;Fri
132244;Mon;Tue;Wed;Thu;Fri
132244;Sat;;;;
132244;Sat;;;;
132243;Mon;Tue;Wed;Thu;Fri
132243;Sat;;;;
132243;Mon;Tue;Wed;Thu;Fri
132243;Sat;;;;
132237;Sun;;;;
132237;Sun;;;;
132237;Sat;;;;
132237;Sat;;;;
132237;Mon;Tue;Wed;Thu;Fri
132237;Mon;Tue;Wed;Thu;Fri
132231;Mon;Tue;Wed;Thu;Fri
132231;Sat;;;;
132231;Sat;;;;
132231;Sun;;;;
132231;Sun;;;;
132231;Mon;Tue;Wed;Thu;Fri
132229;Sun;;;;
132229;Mon;Tue;Wed;Thu;Fri
132229;Mon;Tue;Wed;Thu;Fri
132229;Sat;;;;
132229;Sat;;;;
132229;Sun;;;;
132226;Sun;;;;
132226;Sat;;;;
132226;Sun;;;;
132226;Mon;Tue;Wed;Thu;Fri
132226;Mon;Tue;Wed;Thu;Fri
132226;Sat;;;;
132221;Mon;Tue;Wed;Thu;Fri
132221;Mon;Tue;Wed;Thu;Fri
132221;Sat;;;;
132221;Sat;;;;
132220;Mon;Tue;Wed;Thu;Fri
132220;Mon;Tue;Wed;Thu;Fri
132220;Sat;;;;
132220;Sat;;;;
132216;Sat;;;;
132216;Sat;;;;
132216;Sun;;;;
132216;Sun;;;;
132216;Mon;Tue;Wed;Thu;Fri
132216;Mon;Tue;Wed;Thu;Fri
132207;Sat;;;;
132207;Sun;;;;
132207;Sun;;;;
132207;Mon;Tue;Wed;Thu;Fri
132207;Mon;Tue;Wed;Thu;Fri
132207;Sat;;;;
132206;Sun;;;;
132206;Sun;;;;
132206;Mon;Tue;Wed;Thu;Fri
132206;Mon;Tue;Wed;Thu;Fri
132206;Sat;;;;
132206;Sat;;;;
132204;Sat;;;;
132204;Sun;;;;
132204;Sun;;;;
132204;Mon;Tue;Wed;Thu;Fri
132204;Mon;Tue;Wed;Thu;Fri
132204;Sat;;;;
132187;Sat;;;;
132187;Sun;;;;
132187;Mon;Tue;Wed;Thu;Fri
132187;Mon;Tue;Wed;Thu;Fri
132187;Sun;;;;
132187;Sat;;;;
132186;Sat;;;;
132186;Sun;;;;
132186;Sun;;;;
132186;Sat;;;;
132165;Mon;Tue;Wed;Thu;Fri
132165;Mon;Tue;Wed;Thu;Fri
132165;Sat;;;;
132165;Sat;;;;
132165;Sun;;;;
132165;Sun;;;;
132164;Sat;;;;
132164;Sun;;;;
132164;Sun;;;;
132164;Mon;Tue;Wed;Thu;Fri
132164;Mon;Tue;Wed;Thu;Fri
132164;Sat;;;;
132163;Sat;;;;
132163;Sun;;;;
132163;Sun;;;;
132163;Mon;Tue;Wed;Thu;Fri
132163;Mon;Tue;Wed;Thu;Fri
132163;Sat;;;;
132161;Sun;;;;
132161;Sun;;;;
132161;Mon;Tue;Wed;Thu;Fri
132161;Mon;Tue;Wed;Thu;Fri
132161;Sat;;;;
132161;Sat;;;;
132160;Sun;;;;
132160;Sun;;;;
132160;Mon;Tue;Wed;Thu;Fri
132160;Mon;Tue;Wed;Thu;Fri
132160;Sat;;;;
132160;Sat;;;;
132159;Sun;;;;
132159;Sun;;;;
132159;Mon;Tue;Wed;Thu;Fri
132159;Mon;Tue;Wed;Thu;Fri
132159;Sat;;;;
132159;Sat;;;;
132157;Mon;Tue;Wed;Thu;Fri
132157;Sat;;;;
132157;Sun;;;;
132157;Sun;;;;
132157;Mon;Tue;Wed;Thu;Fri
132157;Sat;;;;
132155;Mon;Tue;Wed;Thu;Fri
132155;Sat;;;;
132155;Sat;;;;
132155;Sun;;;;
132155;Sun;;;;
132155;Mon;Tue;Wed;Thu;Fri
132148;Sun;;;;
132148;Sun;;;;
132148;Mon;Tue;Wed;Thu;Fri
132148;Mon;Tue;Wed;Thu;Fri
132148;Sat;;;;
132148;Sat;;;;
132148;Mon;Tue;Wed;Thu;Fri
132148;Mon;Tue;Wed;Thu;Fri
132148;Sat;;;;
132148;Sat;;;;
132130;Sat;;;;
132130;Mon;Tue;Wed;Thu;Fri
132130;Sat;;;;
132130;Sun;;;;
132130;Sun;;;;
132130;Mon;Tue;Wed;Thu;Fri
132120;Sun;;;;
132120;Sun;;;;
132120;Mon;Tue;Wed;Thu;Fri
132120;Mon;Tue;Wed;Thu;Fri
132120;Sat;;;;
132120;Sat;;;;
132118;Sun;;;;
132118;Mon;Tue;Wed;Thu;Fri
132118;Mon;Tue;Wed;Thu;Fri
132118;Sat;;;;
132118;Sat;;;;
132118;Sun;;;;
132116;Sat;;;;
132116;Sun;;;;
132116;Sun;;;;
132116;Mon;Tue;Wed;Thu;Fri
132116;Mon;Tue;Wed;Thu;Fri
132116;Sat;;;;
132115;Sun;;;;
132115;Sun;;;;
132115;Mon;Tue;Wed;Thu;Fri
132115;Mon;Tue;Wed;Thu;Fri
132115;Sat;;;;
132115;Sat;;;;
132111;Sat;;;;
132111;Sun;;;;
132111;Mon;Tue;Wed;Thu;Fri
132111;Mon;Tue;Wed;Thu;Fri
132111;Sat;;;;
132111;Sun;;;;
132109;Sat;;;;
132109;Sun;;;;
132109;Sun;;;;
132109;Mon;Tue;Wed;Thu;Fri
132109;Mon;Tue;Wed;Thu;Fri
132109;Sat;;;;
132108;Sat;;;;
132108;Sun;;;;
132108;Sun;;;;
132108;Mon;Tue;Wed;Thu;Fri
132108;Mon;Tue;Wed;Thu;Fri
132108;Sat;;;;
132107;Sat;;;;
132107;Sun;;;;
132107;Sun;;;;
132107;Mon;Tue;Wed;Thu;Fri
132107;Mon;Tue;Wed;Thu;Fri
132107;Sat;;;;
132103;Sun;;;;
132103;Sun;;;;
132103;Mon;Tue;Wed;Thu;Fri
132103;Mon;Tue;Wed;Thu;Fri
132097;Mon;Tue;Wed;Thu;Fri
132097;Mon;Tue;Wed;Thu;Fri
132097;Sat;;;;
132097;Sun;;;;
132097;Sat;;;;
132097;Sun;;;;
132030;Sun;;;;
132030;Sun;;;;
132030;Mon;Tue;Wed;Thu;Fri
132030;Mon;Tue;Wed;Thu;Fri
132030;Sat;;;;
132030;Sat;;;;
132026;Mon;Tue;Wed;Thu;Fri
132026;Mon;Tue;Wed;Thu;Fri
132024;Sun;;;;
132024;Sun;;;;
132024;Mon;Tue;Wed;Thu;Fri
132024;Mon;Tue;Wed;Thu;Fri
132024;Sat;;;;
132024;Sat;;;;
132023;Sat;;;;
132023;Sat;;;;
132023;Sun;;;;
132023;Sun;;;;
132023;Mon;Tue;Wed;Thu;Fri
132023;Mon;Tue;Wed;Thu;Fri
132012;Sun;;;;
132012;Sun;;;;
132012;Mon;Tue;Wed;Thu;Fri
132012;Mon;Tue;Wed;Thu;Fri
132012;Sat;;;;
132012;Sat;;;;
